{
    "surface_builder": "minecraft:grass",
    "depth": 0.125,
    "scale": 0.05,
    "temperature": 0.8,
    "downfall": 0.4,
    "creature_spawn_probability": -1,
    "precipitation": "rain",
    "category": "plains",
    "effects": {
        "sky_color": -8804127,
        "fog_color": -3486209,
        "water_color": -4934913,
        "water_fog_color": -4352801,
        "grass_color": -6118657,
        "foliage_color": -3560961
    },
    "starts": [],
    "spawners": {},
    "spawn_costs": {},
    "carvers": {},
    "features": []
}
