# === Skript's variable storage ===
# Please do not modify this file manually!
#
# version: 2.6.4

afkback.thomaskeig, location, 8605776F726C6480FF0000000181046E616D65208005776F726C64017809C0432DAEB74766D1017909406E000000000000017A09C03C304CCB4D679705706974636808416B3330037961770840A5DF00
blocksmined::adnrl, long, 0000000000000006
blocksmined::airtmz, long, 0000000000000678
blocksmined::gamingjovi, long, 000000000000006E
blocksmined::lif3key, long, 0000000000000007
blocksmined::lovelybeehive, long, 0000000000000007
blocksmined::mushytv, long, 0000000000000017
blocksmined::nickxzmc, long, 00000000000000A1
blocksmined::rostiii, long, 0000000000000003
blocksmined::thomaskeig, long, 0000000000000BB2
blocksmined::thomaskeig2, long, 00000000000002A3
blocksmined::xc4lx, long, 0000000000000000
blocksmined::xriip, long, 0000000000000000
blocksmined::zrzdominator, long, 000000000000001C
blocksmined::zxyonn, long, 000000000000009D
daily.reward.thomaskeig.lastused, date, 810974696D657374616D700400000184D34C69A7
i, long, 0000000000000006
is.thomaskeig.afk, boolean, 01
location.of.afk, location, 8605776F726C6480FF0000000181046E616D65208005776F726C64017809C043055172128B22017909406E200000000000017A09C0411199998000000570697463680842814CEB0379617708C31F5FA8
prefix, string, 8011C2A7385BC2A763E298A0C2A7385DC2A772
server.time, long, 0000000000000001
time.thomaskeig, long, 0000000000000018

