{"stats":{"minecraft:mined":{"minecraft:grass":2,"minecraft:oak_leaves":3},"minecraft:killed_by":{"minecraft:zombie":2},"minecraft:used":{"minecraft:oak_leaves":8,"minecraft:chiseled_bookshelf":2,"minecraft:enchanted_book":29},"minecraft:dropped":{"minecraft:oak_leaves":1},"minecraft:custom":{"minecraft:jump":72,"minecraft:leave_game":1,"minecraft:time_since_rest":5749,"minecraft:damage_dealt":178,"minecraft:deaths":2,"minecraft:sprint_one_cm":2613,"minecraft:play_time":7364,"minecraft:damage_taken":605,"minecraft:time_since_death":5404,"minecraft:walk_one_cm":9109,"minecraft:sneak_time":1,"minecraft:total_world_time":7364,"minecraft:drop":1,"minecraft:fall_one_cm":3287,"minecraft:fly_one_cm":11114}},"DataVersion":3465}